cell_umi	seq	reads_count
GCACATATCCATTCATCCGAAGTTCCAC	CCGACCACCGAACGCAACGCACGCACAACTACGGGATTGGCGCCGCCGCCTGCGTGTACTTTGGCATAGCGGCCTCCCTGGTCAAGATGG	7
GGATCAGCAACCCGCACACCTTTTCAGC	CCGACCACCGAACGCAACGCACGCACACACACATACACACAGCCAGGTGTGGCGGCACATGCCTATTGTTCCAGCTAGTTGGGAGGATGA	1
AGCAGGTCAGCGTATTAGAAATTGTTAG	CCGACCACCGAACGCAACGCACGCATGGTGTTGCAGTGTTGCTCAGGTAGCCTCACCTCCCACAGTCATGCATGCAACACTGTGTGCATG	1
ATGCATGGTTTGACACGCCTCGCACGGC	CCGACCACCGAACGCAACGCACGCATGGTGTCAACACTGTGCTCAGGTAGCCTCACCTCCGTGTACACACACTGACGTTGCAGTCAGTGT	109
GCCTGCACACGCTGACACCACATCTGCA	CCGACCACCGAACGCAACGCACGCATGGTGTCAACACTGTGCTCAGGTAGCCTCACCTCCGTGTACACACACTGACGTTGCAGTCAGTGT	1
GCGCACTAGACTTGTCTCACATCTATCG	CCGACCACCGAACGCAACGCACGCAACGTGTCATGCAACTGCTCAGGTAGCCTCACCTCCACCACAGTCATGTGTGGTGTTGTGCACAGT	1
GACCCGTTCCACGGACAGTTGTACCTAC	CCGACCACCGAACGCAACGCACGCACAGTGTCAACACGTTGCTCAGGTAGCCTCACCTCCTGCAACACACTGTGACACGTTGGTGTACTG	1
ACTCACATCTGATGGTGGCAACGGACTA	CCGACCACCGAACGCAACGCACGCATGGTGTTGGTGTACTGCTCAGGTAGCCTCACCTCCTGGTCATGTGTGCACAGTCAACCATGGTTG	1
ATCCATGAGAGTATACCACACCCTAGTC	CCGACCACCGAACGCAACGCACGCACAGTGTCATGACCATGCTCAGGTAGCCTCACCTCCTGCATGTGGTTGGTCAGTCACAGTCAACAC	1
